video_id,video_comment,video_comment_final,ratio,rank_vc,rank_vf,cutoff_rank
TBE7kiWlBhQ,358,132,0.368715,1177,103,1656
Tpg9n8tzeu0,3353,768,0.229049,255,17,1656
ahxdAsclzGo,1780,329,0.184831,431,51,1656
OtuyLWn5gCI,2952,510,0.172764,272,32,1656
uQPFNRcoVHU,903,138,0.152824,737,100,1656
Bs5H-hSw7Ro,2832,405,0.143008,283,39,1656
VTPV-NZ6eM8,1549,217,0.140090,485,67,1656
Jm8HPBqQYsE,1519,202,0.132982,494,73,1656
lquQb8_vmmU,866,114,0.131640,757,119,1656
aNrxrgDE0-8,400,52,0.130000,1127,189,1656
n7lM36yFh2Y,7510,937,0.124767,96,14,1656
7mq-p98IIhw,682,84,0.123167,865,146,1656
Lr4FSwSRuNU,983,117,0.119023,692,117,1656
4GUQAw0_pbA,204,24,0.117647,1420,239,1656
mb9wiZsLlA0,774,88,0.113695,810,139,1656
24GfgNtnjXc,601,68,0.113145,920,165,1656
FrcXox0sj2A,726,82,0.112948,837,148,1656
BQBvPypinoU,944,106,0.112288,713,126,1656
yGrJH95CdIs,606,68,0.112211,914,168,1656
xBjjz8gcexc,1459,161,0.110350,511,87,1656
DMhbt60bYlI,1076,118,0.109665,655,116,1656
x_3mVVKZItY,6493,711,0.109503,113,21,1656
Ay4hCFxeCKM,1700,186,0.109412,452,79,1656
SL9zqewyVFM,403,44,0.109181,1120,202,1656
Cae2haI-zmY,1278,137,0.107199,573,101,1656
J4aRcs66Nlo,10801,1147,0.106194,64,11,1656
6jdGh78qLTg,330,35,0.106061,1219,217,1656
uLjGazIxjEA,7908,837,0.105842,87,15,1656
bcH749HeeQc,355,37,0.104225,1182,216,1656
8dwocAz1A7M,1677,171,0.101968,456,82,1656
Q56PMJbCFXQ,13543,1325,0.097837,46,9,1656
MUui_V88zyg,267,26,0.097378,1310,234,1656
sEgxhD9bDkw,402,38,0.094527,1122,215,1656
SVepW3f_V-M,2142,200,0.093371,367,74,1656
67FVMNGMFXU,4462,416,0.093232,187,38,1656
zB_OApdxcno,12207,1129,0.092488,52,12,1656
4fcjpnWd8co,2820,260,0.092199,288,60,1656
AtCtF8Z4JU8,1760,161,0.091477,436,86,1656
4X-olAF9cjg,572,52,0.090909,945,186,1656
PmiI_up0G2Y,1282,116,0.090484,570,118,1656
_8p6YkEPVco,4905,438,0.089297,165,36,1656
cNYOK-r85B8,1608,143,0.088930,477,98,1656
9QQTQuBtxKg,1542,136,0.088197,487,102,1656
eWqBTAYa8h4,456,40,0.087719,1058,208,1656
LSUuQfQDXwM,447,39,0.087248,1069,209,1656
r5M7Oq1PCz4,5607,489,0.087212,141,33,1656
rhTZTy1rZhw,6567,572,0.087102,112,29,1656
gLihxsmI_OU,6042,526,0.087057,125,31,1656
ad8HISRVxF8,233,20,0.085837,1373,259,1656
bMq4OtZTigk,3547,304,0.085706,241,53,1656
0QqgUdno2v8,17535,1471,0.083889,30,8,1656
L44aiNl82xY,1992,166,0.083333,391,85,1656
yZe-TlYxm9g,3664,303,0.082697,229,54,1656
2E6GreKzm5E,340,28,0.082353,1201,229,1656
BE0dihDdvdk,1344,110,0.081845,551,121,1656
w9i9rwg1L_A,4499,364,0.080907,182,44,1656
lY0dqqy05os,124,10,0.080645,1621,321,1656
6hcF0Ilkaxk,2638,212,0.080364,310,70,1656
0qV4mpc8QiA,4523,363,0.080256,180,45,1656
7S7XfRajh9Y,1509,120,0.079523,497,113,1656
ht9fG0-PLVQ,1190,94,0.078992,600,133,1656
vAmyOezZF6g,783,61,0.077905,805,174,1656
UAwUfV3BzIo,271,21,0.077491,1302,255,1656
APrLuGHV8kU,8384,644,0.076813,83,25,1656
jHIJNHOOEvA,1636,125,0.076406,469,110,1656
AxUJr0ddQZI,2043,156,0.076358,378,90,1656
kkTxdnbWcDQ,1902,145,0.076236,408,96,1656
bn5BDbrN2Kk,158,12,0.075949,1531,303,1656
1wqeccW5Yh8,211,16,0.075829,1409,276,1656
FZnACwukAeI,582,44,0.075601,936,201,1656
FQN9Ibjh8LA,1916,144,0.075157,407,97,1656
ysTFwQzKUZM,5054,376,0.074397,161,42,1656
pAspb90jDZ4,121,9,0.074380,1631,335,1656
LTjmeJmRZsI,516,38,0.073643,998,214,1656
tFu-eSscT10,466,34,0.072961,1050,223,1656
_xD4MjjEWsE,10299,751,0.072920,68,18,1656
7vVYpONbdO8,1661,121,0.072848,460,112,1656
xZxxpnK0LqU,2010,146,0.072637,385,94,1656
4OGGPx5jgg0,1109,80,0.072137,636,149,1656
6fbfrV5qqnU,9338,666,0.071321,74,23,1656
Yj9JqnSmPSM,1218,86,0.070608,589,144,1656
3GmKhXZebKw,1009,71,0.070367,680,160,1656
BZkH5G2UJ0I,811,57,0.070284,782,178,1656
ggM9_BU1VPU,1595,109,0.068339,479,123,1656
OGG5Q2Vj4Ms,2913,199,0.068314,279,75,1656
jseq867D0O0,6832,463,0.067769,105,34,1656
3ZwI_9d3fJg,1752,118,0.067352,440,115,1656
GPB1-DT3b0Q,364,24,0.065934,1173,242,1656
S7TUe5w6RHo,23484,1528,0.065066,22,7,1656
BZ6mmUijhCE,3407,221,0.064866,253,66,1656
kznYQ1Ed07o,1944,126,0.064815,403,109,1656
S2LKKnf4riw,1143,74,0.064742,617,156,1656
dr3mFzh0KSk,11198,718,0.064119,59,20,1656
w465NExPCns,1457,93,0.063830,512,134,1656
LIV9HM5Yj80,410,26,0.063415,1115,233,1656
wmJuqv96su8,37211,2348,0.063100,10,2,1656
S59NnFgnQRc,4725,298,0.063069,172,55,1656
qqrpMRDuPfc,25637,1596,0.062254,20,6,1656
7Ody9AGVuQ8,1736,108,0.062212,443,124,1656
G_li-ZsZ-Dk,395,24,0.060759,1130,243,1656
MJBfcMZ_s6I,412,25,0.060680,1113,236,1656
BWHEx19k63M,368,22,0.059783,1167,245,1656
Htp9Elx6mBo,251,15,0.059761,1340,282,1656
Y6o9_5DJIBI,5731,340,0.059326,133,49,1656
4mLXAbXf_Oo,304,18,0.059211,1260,267,1656
lKRpSPXI_Sw,220,13,0.059091,1396,299,1656
Pqh3L-Ytnhk,307,18,0.058632,1256,270,1656
YET2ELa-Pu0,1523,89,0.058437,492,138,1656
QLI0XOFpK0A,7880,459,0.058249,88,35,1656
u8lX97IHd_c,2600,151,0.058077,315,91,1656
e6bgdpqk5HE,1587,92,0.057971,480,135,1656
CDVzgBKeb38,417,24,0.057554,1107,240,1656
5hIqXjAmo6k,891,51,0.057239,745,190,1656
bHAJX66womo,1198,68,0.056761,596,166,1656
SJD8asQ2FC4,159,9,0.056604,1526,330,1656
ymlhSb_k0Kk,6063,343,0.056573,123,48,1656
RLQuxi6oTOE,2275,128,0.056264,349,106,1656
XH1GKs0SG0E,1530,86,0.056209,491,143,1656
tbhn9qISnZE,6618,365,0.055153,111,43,1656
LIIyCYY2GKQ,949,52,0.054795,709,188,1656
z7Nf2JvN6b4,147,8,0.054422,1559,344,1656
1xRwTViv6b4,791,43,0.054362,801,203,1656
ARRUyyQahRw,1086,59,0.054328,647,175,1656
FmMmHqDdzdw,1281,69,0.053864,571,163,1656
EIctJfDxHus,1467,79,0.053851,506,150,1656
lbswaj0CX1c,189,10,0.052910,1455,322,1656
-d3QrvYlJpo,114,6,0.052632,1656,362,1656
PQMzAOaug4U,5307,279,0.052572,154,57,1656
GOZIUHi_YNQ,15057,786,0.052202,38,16,1656
UvGr4GZSduU,425,22,0.051765,1101,247,1656
lg7VImVeZCA,2324,119,0.051205,346,114,1656
BLWlKdVJhmo,684,35,0.051170,864,218,1656
238Z4YaAr1g,42446,2167,0.051053,8,3,1656
FUu9NHlKaxY,608,30,0.049342,912,227,1656
Wd3Hlj_Hx1Q,1576,77,0.048858,482,154,1656
PQXlyKXn8DM,5202,253,0.048635,158,62,1656
80DaR2CVNNk,93805,4538,0.048377,3,1,1656
I4r0r9_twIo,1532,73,0.047650,490,158,1656
E86OMSHHu8c,7122,336,0.047178,99,50,1656
Ot6j_qqYQaM,7450,351,0.047114,97,47,1656
LPAPMznGwps,1503,70,0.046574,499,161,1656
UQQhP4w6VMA,2760,127,0.046014,295,108,1656
KfOAmFQOMsM,946,43,0.045455,711,204,1656
bnD6bf0K350,4578,208,0.045435,178,72,1656
6lpPbUxcqjU,4621,209,0.045228,176,71,1656
BbQBw-8v-i4,1295,58,0.044788,566,177,1656
XRKh_LKdLsQ,2062,91,0.044132,375,137,1656
rddqcI2OjDo,340,15,0.044118,1202,288,1656
CCZuLYzlZWA,4499,196,0.043565,181,76,1656
dvBGOWeyuiY,9575,417,0.043551,72,37,1656
PLUhJmqHd1s,30237,1306,0.043192,16,10,1656
GIo5NUQrp4o,14138,609,0.043075,44,27,1656
01hZ55-HcB0,423,18,0.042553,1103,266,1656
J5I00p3KqvE,5468,232,0.042429,148,63,1656
5kB_mDc7Im8,900,38,0.042222,741,213,1656
oejCcB8BOM8,1310,55,0.041985,559,185,1656
HU4O9HOfZYc,2637,110,0.041714,311,122,1656
Y-W0sb3risg,192,8,0.041667,1451,340,1656
c-sT7H1BkEs,459,19,0.041394,1054,264,1656
5_4QaEOkfkM,1358,56,0.041237,542,182,1656
aoUFwg6VVAk,946,39,0.041226,712,211,1656
Z6zTN8cRKag,1141,47,0.041192,618,199,1656
PVaqWhJJ38I,963,39,0.040498,700,210,1656
0GRQIP2K_eo,346,14,0.040462,1193,291,1656
M7Ra95j-Qsg,124,5,0.040323,1619,390,1656
BK-CD70oG7Y,5394,216,0.040044,149,68,1656
xWkqjXjD73E,18511,740,0.039976,28,19,1656
A4gFBpURj1Y,3746,149,0.039776,224,92,1656
f3WFSL36oZo,40185,1597,0.039741,9,5,1656
XUP23K1I8Xk,4375,172,0.039314,192,81,1656
NrfmSeGah1Y,4965,195,0.039275,164,77,1656
rahZ_CeEpqI,536,21,0.039179,979,256,1656
1ihstsssXqQ,2466,96,0.038929,329,130,1656
3DsjjQw_lmk,982,38,0.038697,694,212,1656
10H-9wr7GkY,2932,113,0.038540,275,120,1656
GGNHP1-yv4Q,534,20,0.037453,981,258,1656
fOAIrUZbOwo,14596,534,0.036585,43,30,1656
q2LJBOwC36w,3884,142,0.036560,218,99,1656
ZOpQmw-c2KY,2621,94,0.035864,314,132,1656
0bOPB2A6mZ8,391,14,0.035806,1132,292,1656
35cb4xHp7Mg,2409,86,0.035699,336,140,1656
AocL7vWRDQ8,1479,52,0.035159,501,187,1656
iIVCC5cXa-c,1371,48,0.035011,535,195,1656
AK3zEGUItJo,2088,73,0.034962,370,157,1656
txwFSvROJ-s,318,11,0.034591,1240,313,1656
r6SjNFKQUxM,2683,92,0.034290,305,136,1656
OG3YQ-UL1W4,3628,123,0.033903,235,111,1656
lbcXCZ_x0lc,746,25,0.033512,825,238,1656
DH67Gp1DVXI,2332,78,0.033448,344,152,1656
IerkherNYyI,7723,256,0.033148,92,61,1656
yCKo0pk-elg,335,11,0.032836,1213,314,1656
3QrCFlq5AaQ,12267,402,0.032771,51,41,1656
vgD7eIMQ9N0,3999,131,0.032758,215,105,1656
fImsvWV-rko,1684,55,0.032660,454,184,1656
d39MxOMCsOA,676,22,0.032544,867,249,1656
Lv2ehiy6M24,1459,47,0.032214,509,197,1656
ROvIIM4Jrw0,2419,77,0.031831,333,153,1656
lcEB7z4_F50,446,14,0.031390,1071,295,1656
uWu4KY08fMc,1115,35,0.031390,632,221,1656
mbbDw6nzKWg,1977,62,0.031361,393,173,1656
t-6SW2jmvYY,5058,158,0.031238,160,89,1656
XdGXx1W3A8E,4337,132,0.030436,195,104,1656
zh0P40GfvFA,32994,999,0.030278,13,13,1656
aaQLgU1cQis,4800,145,0.030208,166,95,1656
1yfaxoHyFbI,301,9,0.029900,1262,325,1656
iB6Y5TL4QH8,2793,83,0.029717,293,147,1656
bpJMDD-NeEE,372,11,0.029570,1160,310,1656
fyk6vjwI3wc,21204,623,0.029381,24,26,1656
HXNbegvRNvg,12078,354,0.029309,54,46,1656
-Go3o7Jf5R8,584,17,0.029110,933,271,1656
mnOI9sU8yAI,1707,49,0.028705,448,193,1656
IPoX9QcIBcI,11247,320,0.028452,58,52,1656
s5tIaLEBIsE,141,4,0.028369,1575,424,1656
BCQYxoEdmdI,1463,41,0.028025,508,205,1656
_oxjr265r78,1994,55,0.027583,390,183,1656
rOBF7omfM4U,729,20,0.027435,835,260,1656
Mf6EWX4ALJs,5779,158,0.027340,130,88,1656
z-K15FYMe18,259,7,0.027027,1323,361,1656
9REgV6_QrAI,224,6,0.026786,1388,365,1656
u4VwzWu4P8I,2821,75,0.026586,287,155,1656
KiIc54yyktw,4081,108,0.026464,210,125,1656
pnLuvMnxVKw,605,16,0.026446,918,279,1656
gHRP5-vC4XQ,2263,59,0.026072,352,176,1656
gJd7IMYqCYE,311,8,0.025723,1254,342,1656
9q8dyxwkATk,7314,188,0.025704,98,78,1656
eiIn59uhF0I,934,24,0.025696,720,244,1656
UvzswQlJjLo,1995,51,0.025564,388,191,1656
sLKTpA8jJ2A,432,11,0.025463,1094,312,1656
539VLXMEoKg,2499,63,0.025210,326,170,1656
hlkSCX2YGFI,881,22,0.024972,749,250,1656
27G4btgJEWQ,365,9,0.024658,1171,326,1656
GII0hr8fyZY,246,6,0.024390,1348,369,1656
Dk0-yqfl3rU,500,12,0.024000,1021,301,1656
-hz6dDUQlPk,1877,45,0.023974,413,200,1656
sjav4O3v7g4,669,16,0.023916,870,280,1656
Eg9_Q1FHFuc,129,3,0.023256,1606,434,1656
f6SlShUZp6k,432,10,0.023148,1093,318,1656
J1t25cgk3No,477,11,0.023061,1036,309,1656
6I80iiBSRCQ,1738,40,0.023015,442,206,1656
icBljlwJTLU,175,4,0.022857,1488,417,1656
OXJhvhNNHWA,7612,172,0.022596,94,80,1656
5K-8ejZFpqs,403,9,0.022333,1119,327,1656
QTeTrt8DRRs,2556,57,0.022300,320,181,1656
6x28MzgP74Q,2826,63,0.022293,285,171,1656
7_I-bSwBtL4,1301,29,0.022291,563,228,1656
p6E2fq50aLA,4486,99,0.022069,183,127,1656
jF_5U2LIg5Y,3205,70,0.021841,260,162,1656
STwgG2si9kQ,6733,146,0.021684,110,93,1656
pzmoP8ehZiM,881,19,0.021566,750,265,1656
C-uqntAqre4,186,4,0.021505,1462,404,1656
VSlfs3s5mtk,30649,656,0.021404,15,24,1656
IzN5bjH4uIc,4056,86,0.021203,212,141,1656
87ywggOkdSI,331,7,0.021148,1218,347,1656
L5ihmu87xTE,10950,231,0.021096,62,64,1656
7kLHgnuYx-g,525,11,0.020952,990,307,1656
KtRyftCARrY,909,19,0.020902,733,263,1656
iGh_WdMfn-M,338,7,0.020710,1207,356,1656
L5-z_wGFthc,444,9,0.020270,1075,328,1656
0UIk3mqYzIg,198,4,0.020202,1436,400,1656
7Zm-4gbwIx8,347,7,0.020173,1191,346,1656
WKB2bhP3Kgo,4759,94,0.019752,168,131,1656
2zzoyXmLQtU,1624,32,0.019704,474,225,1656
SRXH9AbT280,89451,1757,0.019642,4,4,1656
VRBBQ-B4q4s,5035,97,0.019265,162,128,1656
QNjo730Lb9k,4482,86,0.019188,184,142,1656
rGsORDAvq0Q,3531,67,0.018975,245,169,1656
v6wWUlXdEDU,798,15,0.018797,793,289,1656
Sf9p46vmx6U,802,15,0.018703,789,284,1656
jv995-wPae8,214,4,0.018692,1402,418,1656
TsU5Zk-yvq8,6864,128,0.018648,104,107,1656
DTK7bzl5-qg,594,11,0.018519,922,308,1656
0-ttgS7ijGc,1097,20,0.018232,642,257,1656
wvqBmxxksRc,15009,273,0.018189,39,58,1656
8KuiHztCXE0,277,5,0.018051,1294,385,1656
kAaKFvwRoWc,554,10,0.018051,963,320,1656
XyuaJpFEzPs,776,14,0.018041,809,293,1656
QUGQNS2vT8E,12787,228,0.017831,50,65,1656
y0PjXiB4y2E,10136,171,0.016871,70,83,1656
FLRI8G39sLU,299,5,0.016722,1263,387,1656
qbsq6nmP4u8,240,4,0.016667,1363,422,1656
tWPuWifUfAI,1020,17,0.016667,678,272,1656
O3d5JQzWnq4,437,7,0.016018,1084,353,1656
xTOcfLo7dZI,939,15,0.015974,716,290,1656
JgEH0tAc5bA,317,5,0.015773,1242,388,1656
WvJEOb79GJY,254,4,0.015748,1330,412,1656
YSrvugKwffU,386,6,0.015544,1139,378,1656
lwEq29x2FEI,387,6,0.015504,1137,384,1656
Nbp93_Tz50A,3734,57,0.015265,226,180,1656
xduTIEJtXnc,462,7,0.015152,1052,360,1656
OJ8iIxSxvAk,401,6,0.014963,1123,373,1656
w3m0Rg6m9G0,1146,17,0.014834,616,274,1656
umdzkmoedmw,135,2,0.014815,1593,547,1656
O-pgfAE5tWc,3174,47,0.014808,261,198,1656
Z056mVUQesc,1513,22,0.014541,496,248,1656
1yYd3D96xTA,277,4,0.014440,1293,401,1656
zB3VEX_-b5Y,2154,31,0.014392,365,226,1656
q_48vyHWls4,28768,405,0.014078,19,40,1656
SeXf8x4kzMQ,15288,215,0.014063,36,69,1656
-yaUiBlOYn0,1169,16,0.013687,606,275,1656
tjkePewV0kU,1254,17,0.013557,579,273,1656
DUTw0swj13A,4243,57,0.013434,203,179,1656
oU_Wr6XqWVE,1046,14,0.013384,666,296,1656
C6AiozS6j7U,1348,18,0.013353,548,269,1656
GDw9_kIEDaY,1798,24,0.013348,429,241,1656
YAaiEq9wUsM,1951,26,0.013326,402,235,1656
pCsHGDxKjN8,1140,15,0.013158,619,286,1656
nug4fi_L4JY,996,13,0.013052,686,300,1656
Pb8qmpcOByc,5619,73,0.012992,140,159,1656
gDIBMy4JoLc,44515,576,0.012939,7,28,1656
PVqV3cSIWnU,13012,168,0.012911,48,84,1656
TuZpmKmF7Ps,468,6,0.012821,1049,374,1656
c3jK48Hy3u0,6742,86,0.012756,109,145,1656
9s2hpbim6V8,1193,15,0.012573,599,281,1656
4rwH_PRlUtM,1672,21,0.012560,458,252,1656
evtoG-4dLM4,5483,68,0.012402,147,167,1656
StnNnQba7wg,244,3,0.012295,1355,444,1656
pJcgR3JPBt0,244,3,0.012295,1357,457,1656
1T9tLMh99Wo,54532,667,0.012231,6,22,1656
aIu5PPMqQqk,492,6,0.012195,1026,380,1656
JUNsMqN6bb0,1334,16,0.011994,554,278,1656
6GhxRWu1BfM,251,3,0.011952,1338,430,1656
S3i9By7--lU,1257,15,0.011933,578,283,1656
_3UDXMne2no,756,9,0.011905,819,332,1656
V0fFuPm-BTA,507,6,0.011834,1010,375,1656
ED544Luc71o,520,6,0.011538,996,368,1656
2qCpY38ompo,25209,285,0.011305,21,56,1656
ftmE4QjLDmk,4472,50,0.011181,186,192,1656
LJFUSgxAi9I,630,7,0.011111,899,351,1656
H9a3ix08uYA,582,6,0.010309,937,370,1656
XnFolyjiUQ8,875,9,0.010286,753,331,1656
tPfqH7gFdUk,196,2,0.010204,1445,545,1656
JRKGOZPLmZQ,202,2,0.009901,1425,492,1656
smCSSWDrzrM,729,7,0.009602,836,357,1656
AlN0lc9k0dw,2009,19,0.009457,386,262,1656
6XRNmOcyjeE,3493,33,0.009447,248,224,1656
PgjohadyMGI,318,3,0.009434,1237,443,1656
9fybsqArlng,647,6,0.009274,883,366,1656
EkV3uq2kGL4,218,2,0.009174,1397,483,1656
xuan1c9kw8k,7035,63,0.008955,101,172,1656
kYzeeNTun1w,673,6,0.008915,869,383,1656
EVu4_yFw6yo,225,2,0.008889,1386,482,1656
MYEqh26FR14,2477,22,0.008882,328,246,1656
L4vPKjRDoWk,452,4,0.008850,1060,407,1656
OX5B-kHZGgk,7815,69,0.008829,90,164,1656
z-NP_16EoFk,5494,48,0.008737,146,196,1656
RMepSAiHnPU,115,1,0.008696,1652,654,1656
AcVueQZTWOs,2418,21,0.008685,334,253,1656
d_5aFyb92bc,4668,40,0.008569,175,207,1656
Dz4VkHA3AJ8,705,6,0.008511,854,367,1656
6z-_fHzkPo8,118,1,0.008475,1643,580,1656
Se8ZXbLJUPI,119,1,0.008403,1640,660,1656
IR7BIGeqHaI,3350,28,0.008358,256,230,1656
MQN9TCsrJGA,120,1,0.008333,1633,635,1656
bcJ3IypbRgI,240,2,0.008333,1361,523,1656
2aua3byharo,242,2,0.008264,1359,471,1656
EFPyw6d3ygA,367,3,0.008174,1169,433,1656
UtTGfgvXxZM,123,1,0.008130,1626,671,1656
7R3hj9F6SJg,2375,19,0.008000,337,261,1656
c7mfXOSInK4,125,1,0.008000,1617,708,1656
qPUY4G4oZb4,252,2,0.007937,1335,541,1656
uJmLWcJynf0,258,2,0.007752,1324,546,1656
Knljg5f_nGo,261,2,0.007663,1320,497,1656
5F5pBTkW2a4,269,2,0.007435,1307,473,1656
QnmISKNI73A,1083,8,0.007387,651,339,1656
qESevMQaCCI,2039,15,0.007357,381,287,1656
Ywvl6kt-cck,136,1,0.007353,1591,687,1656
KJR9MfRFFjw,273,2,0.007326,1300,495,1656
CMAd8QrSBrc,137,1,0.007299,1587,602,1656
f8sRbKyPnZE,1099,8,0.007279,640,341,1656
IifhZbUqyPM,138,1,0.007246,1582,623,1656
aP4NKqMj6uQ,276,2,0.007246,1297,521,1656
Pw0Y7SiRgms,277,2,0.007220,1295,505,1656
hmKJnFCI9A0,1259,9,0.007149,577,333,1656
JZbu3AZ5anY,11064,79,0.007140,61,151,1656
GxcF0hv4nCI,2245,16,0.007127,353,277,1656
3fGWkgcaDGs,141,1,0.007092,1574,569,1656
o7kE_bFaAtU,575,4,0.006957,943,419,1656
7eAoKjAdiH0,144,1,0.006944,1566,584,1656
yk91nsAjOOk,585,4,0.006838,932,425,1656
rlic9qU9avw,3225,22,0.006822,259,251,1656
MDSas9sqbsc,440,3,0.006818,1080,437,1656
13DWvqQqzYw,147,1,0.006803,1558,556,1656
BDujwnZZBxc,3109,21,0.006755,264,254,1656
_uJPx0k7w-M,299,2,0.006689,1264,520,1656
Pb0ec-ZOALs,457,3,0.006565,1056,442,1656
Wqoc8LeY6Zs,154,1,0.006494,1542,678,1656
YFqE8p7m88s,14942,97,0.006492,40,129,1656
VMuZuUjpGC0,156,1,0.006410,1535,672,1656
jNF331qgL6I,156,1,0.006410,1537,736,1656
Oe8ASh0d9a4,321,2,0.006231,1231,503,1656
MtlA0wPm8Vw,489,3,0.006135,1031,438,1656
r--0F5utj-E,662,4,0.006042,873,423,1656
4iSPg1_k_co,167,1,0.005988,1503,573,1656
9CBdBLkKETA,167,1,0.005988,1504,590,1656
2jpRvazux-g,1841,11,0.005975,422,306,1656
f-I9PxTX90c,1842,11,0.005972,420,311,1656
fTwHz6xOdOA,173,1,0.005780,1494,720,1656
pSFwH--ccLc,522,3,0.005747,994,458,1656
0EdhyDbXP7o,176,1,0.005682,1484,553,1656
rk8_upxjJ4w,352,2,0.005682,1186,543,1656
JzFtgxiL9Kw,177,1,0.005650,1482,627,1656
I8_W9Lz0VcM,359,2,0.005571,1176,488,1656
T0BL1-y5OyI,1270,7,0.005512,574,354,1656
MwW-fKMNAoQ,365,2,0.005479,1172,500,1656
HqeRgPQkkZQ,184,1,0.005435,1468,620,1656
wj-K2VZf3S4,185,1,0.005405,1467,770,1656
3SicOb2Bbhc,186,1,0.005376,1461,568,1656
egmIfyxtXAc,188,1,0.005319,1456,716,1656
YSKmUslvJi4,941,5,0.005313,714,394,1656
UZPeGPbqFTA,379,2,0.005277,1151,513,1656
OhYHCiDr_s0,571,3,0.005254,948,440,1656
nKB30BxUNOs,384,2,0.005208,1144,535,1656
pz0suVnW3lE,386,2,0.005181,1141,540,1656
oU8YHS17Tts,2908,15,0.005158,280,285,1656
drRuLK8Q_3Y,1961,10,0.005099,400,317,1656
NBMy2w7To-Q,400,2,0.005000,1126,501,1656
8fDIKikk2bI,3630,18,0.004959,234,268,1656
BWPzmgmg-is,202,1,0.004950,1424,599,1656
rjw37ZO4rjs,1842,9,0.004886,421,336,1656
bZOc9-91NWs,626,3,0.004792,900,445,1656
ZgrodNIK9ow,212,1,0.004717,1407,694,1656
olMAbQa2ryI,434,2,0.004608,1091,538,1656
bkp1RMnVgbU,7606,35,0.004602,95,220,1656
8QZJ1Th5J-A,221,1,0.004525,1393,589,1656
hm4-cR6Jzis,2654,12,0.004521,308,304,1656
l6nE_hVU4VM,1123,5,0.004452,626,396,1656
W9VKWBMN8m8,1124,5,0.004448,625,392,1656
dpNzVcNvvOI,677,3,0.004431,866,446,1656
xzolFKTuMrY,228,1,0.004386,1381,775,1656
XYSvKkslu0Y,1149,5,0.004352,613,393,1656
vA1DXbjnR6Q,2358,10,0.004241,339,323,1656
u00mOi_9YuU,1653,7,0.004235,463,358,1656
jjDEccGJmL0,709,3,0.004231,851,451,1656
IpT7J2DdTK0,238,1,0.004202,1366,624,1656
Ue1xJPB6yzk,953,4,0.004197,707,411,1656
GUhLwYbN1ZA,733,3,0.004093,833,435,1656
AcvD8zFZodc,983,4,0.004069,691,403,1656
YPxo73o0u_8,246,1,0.004065,1350,685,1656
NR-yDEocnxI,6800,27,0.003971,107,232,1656
D6VhB4Wj3lA,252,1,0.003968,1334,604,1656
zdWwgHSijhs,252,1,0.003968,1337,780,1656
Vc6P0tuh62U,255,1,0.003922,1328,673,1656
d1nnPxgY0H8,256,1,0.003906,1325,710,1656
TFfJUjLAODg,1297,5,0.003855,565,391,1656
oJ2py0c_uBU,1050,4,0.003810,664,421,1656
bSfvc2YfSJw,263,1,0.003802,1317,704,1656
EuWqzDD2WNE,265,1,0.003774,1315,613,1656
yJszogc4o1s,266,1,0.003759,1314,776,1656
VeUXyJ09MeY,3473,13,0.003743,251,297,1656
KDluQ0YVcFw,536,2,0.003731,978,494,1656
AyJcX7ecMlw,270,1,0.003704,1305,598,1656
fe0WQL9AjFI,540,2,0.003704,973,527,1656
gGP_tf_93t4,818,3,0.003667,781,448,1656
gu7zjr46EAU,1667,6,0.003599,459,381,1656
SR6TlwTwKxo,566,2,0.003534,952,511,1656
bOx3v_pXKBw,286,1,0.003497,1280,703,1656
_8QO-oR9NOw,1722,6,0.003484,446,379,1656
0abYMJRItoM,292,1,0.003425,1274,554,1656
ZgGB9kbtZVQ,293,1,0.003413,1273,693,1656
gBBKLUkPf9Y,295,1,0.003390,1269,724,1656
WLDFRAV6cao,305,1,0.003279,1259,675,1656
s0S0H2tauRs,918,3,0.003268,730,460,1656
kkewnRjhzjU,3834,12,0.003130,221,305,1656
bGOsHjpZJMo,320,1,0.003125,1232,700,1656
KjylNGo1its,322,1,0.003106,1230,629,1656
7anmIIwg0gI,646,2,0.003096,884,475,1656
ZUvcQjhEhDQ,325,1,0.003077,1226,692,1656
oDrwd2raGyg,1308,4,0.003058,560,420,1656
ssiqJYoM7LM,981,3,0.003058,695,462,1656
JmNUM7rtoe8,1648,5,0.003034,464,389,1656
qjzD3LkrDSQ,2724,8,0.002937,297,343,1656
z7s5ZWo4_8I,1024,3,0.002930,675,467,1656
8VJ0MkBu_m8,2057,6,0.002917,377,364,1656
bNaQVRr8Qyg,344,1,0.002907,1198,702,1656
C2KKzYoP240,1725,5,0.002899,445,386,1656
fenH2G38MRk,346,1,0.002890,1197,721,1656
gJzckMMz_7I,692,2,0.002890,859,528,1656
y8Z75Z5WA20,1775,5,0.002817,433,399,1656
NXTDar8ujXM,1095,3,0.002740,643,439,1656
htSPu9X_O-0,369,1,0.002710,1166,730,1656
KLA0huuV7ho,4431,12,0.002708,189,302,1656
76hGBhzafNQ,740,2,0.002703,826,474,1656
_ovl_BDCvzs,375,1,0.002667,1156,697,1656
0z8flbkbZ7A,376,1,0.002660,1155,555,1656
e29mUT9u7Js,383,1,0.002611,1146,715,1656
DVbKmQ7Hmlk,103345,268,0.002593,2,59,1656
MbcPCSkIEb4,2802,7,0.002498,292,352,1656
jaN-o__2Eeg,4155,10,0.002407,207,319,1656
kAXUWGczQdo,844,2,0.002370,772,532,1656
nNUDgA4UCTU,856,2,0.002336,763,536,1656
SzMwY6PqzeE,871,2,0.002296,755,512,1656
HGLLkwiblag,1755,4,0.002279,438,406,1656
aw-rFW4fxdI,441,1,0.002268,1079,699,1656
H7oUO-My1vg,11957,27,0.002258,56,231,1656
dOA99aQs58k,4437,10,0.002254,188,316,1656
rczJCMIo62g,446,1,0.002242,1072,754,1656
gazCskdpni4,902,2,0.002217,739,529,1656
MyLfCOOYzfY,4153,9,0.002167,208,329,1656
2owiZw6enWE,1846,4,0.002167,418,402,1656
J9ANw0WXiDE,923,2,0.002167,728,490,1656
gIyFshmQJ1w,6485,14,0.002159,114,294,1656
ptlfNSJyfBU,2342,5,0.002135,342,398,1656
SnQSMxXTBTc,1876,4,0.002132,414,410,1656
FyXXY8byfec,3326,7,0.002105,257,349,1656
2_FZg51r94A,476,1,0.002101,1037,566,1656
_Bt7XoJ7VpU,956,2,0.002092,705,518,1656
UlGG2eB6GnI,962,2,0.002079,701,514,1656
TLpWKqpIUNY,12171,25,0.002054,53,237,1656
X1E4RK5KB5g,1976,4,0.002024,394,414,1656
zHVtd-g0dPg,1981,4,0.002019,392,426,1656
Q3mkjcdGlww,505,1,0.001980,1014,647,1656
HRZ3ntVGMsY,506,1,0.001976,1013,619,1656
IY7V8fEYFP0,3560,7,0.001966,238,350,1656
Ce7EQ3RJmAg,514,1,0.001946,1001,603,1656
tMKcT9jUBoo,514,1,0.001946,1004,761,1656
-bnzUIJyzfM,1033,2,0.001936,671,469,1656
AX5yxShC5qY,529,1,0.001890,987,597,1656
mnxBXsbtuvE,539,1,0.001855,975,742,1656
_NaeF_ABgXc,553,1,0.001808,964,696,1656
QAwmfO2VRXE,1107,2,0.001807,637,506,1656
pykmdBjDi24,1146,2,0.001745,615,539,1656
iAznPfuv6vY,577,1,0.001733,941,731,1656
ackrU2vW0Io,1170,2,0.001709,605,522,1656
QWTgsZ0BVh0,588,1,0.001701,928,650,1656
22PZP1dedPE,20003,34,0.001700,27,222,1656
MlnRO2FwojA,3531,6,0.001699,244,372,1656
d4ueUf0UwUU,1177,2,0.001699,603,525,1656
TKPef9VGrEw,602,1,0.001661,919,664,1656
gmi9gJyZibg,605,1,0.001653,917,726,1656
3tfI1Bs442E,29275,48,0.001640,17,194,1656
C1e2dY1ia10,612,1,0.001634,908,601,1656
oiDVZxdo56k,1839,3,0.001631,423,456,1656
TSYGi_HMims,614,1,0.001629,907,665,1656
1dv54CJycgs,3717,6,0.001614,227,363,1656
oH-tTawBsDc,622,1,0.001608,904,746,1656
JEn4EFNKi4o,1280,2,0.001563,572,491,1656
bStIQ9CoMlM,645,1,0.001550,887,705,1656
JvKn07DCktY,23097,35,0.001515,23,219,1656
p-g2OfRltpc,661,1,0.001513,874,748,1656
S6xxmLjD6oM,1326,2,0.001508,557,510,1656
kEALNEN-67E,1995,3,0.001504,389,453,1656
WMqAXKtNNGA,4018,6,0.001493,213,377,1656
4tw1MbD3CX0,1356,2,0.001475,544,472,1656
lAUjA5oGizM,8905,13,0.001460,79,298,1656
lkecVW7WDC0,1409,2,0.001419,521,533,1656
GkbZSb7HLGo,710,1,0.001408,848,618,1656
uV7g3U5GfFQ,710,1,0.001408,849,764,1656
ZBaW8PgpqGM,712,1,0.001404,845,690,1656
2pLItnka43s,5074,7,0.001380,159,345,1656
hVPx0x9_f3U,725,1,0.001379,838,728,1656
qTHRJimrzfc,734,1,0.001362,832,751,1656
FcMF02oc-Cw,1473,2,0.001358,504,486,1656
fxoNY-R_1VM,755,1,0.001325,820,722,1656
f75jLiocp68,758,1,0.001319,818,718,1656
WXD50gL9V7A,771,1,0.001297,816,676,1656
5rVH-na9lMw,772,1,0.001295,812,577,1656
vnkS8xES3ww,1549,2,0.001291,486,548,1656
lMeSjcm_h0o,784,1,0.001276,804,741,1656
JoeGleUS4yw,4744,6,0.001265,169,371,1656
P9JYAYrGX10,794,1,0.001259,800,645,1656
iRiSKVwVSCU,799,1,0.001252,792,733,1656
cFqlucodi6w,801,1,0.001248,791,709,1656
4WuX70Xa8Vg,806,1,0.001241,785,572,1656
dhCh59ZAZgA,807,1,0.001239,784,713,1656
_ghwoqOrQaY,1641,2,0.001219,467,519,1656
ZcM82ZTy-1o,4109,5,0.001217,209,395,1656
44vR52Zi1nE,833,1,0.001200,776,570,1656
9fNUJFh49Do,2508,3,0.001196,325,432,1656
w9idtQbrKBs,839,1,0.001192,774,769,1656
9W5PHg447Xg,845,1,0.001183,768,593,1656
1EKqB9bYUq8,1701,2,0.001176,451,470,1656
TdUr4hMtoOM,857,1,0.001167,762,666,1656
25FcPPToyRE,860,1,0.001163,761,562,1656
9S4eApyo_zs,886,1,0.001129,748,592,1656
TJDcW4jkefk,889,1,0.001125,747,663,1656
ZAw03mJNoZA,896,1,0.001116,744,689,1656
bVk4i_PYxug,899,1,0.001112,743,706,1656
RwzFUTeOGQU,902,1,0.001109,738,658,1656
sRGbFXQlKE8,909,1,0.001100,734,758,1656
Mkt5xG_BhKU,917,1,0.001091,731,637,1656
RZM8QVbxlbU,1845,2,0.001084,419,508,1656
JiZUGoG4z6s,1887,2,0.001060,411,493,1656
e1ccK8wKGqc,953,1,0.001049,708,714,1656
ELJIbm95p_c,1940,2,0.001031,405,481,1656
zcaPY_I2L6o,981,1,0.001019,696,779,1656
HnZn8muOnZw,2953,3,0.001016,271,436,1656
_K8ZfMfaY6c,985,1,0.001015,690,695,1656
rwhzdR7V0Ck,992,1,0.001008,688,755,1656
WKSOjfJ38LU,2028,2,0.000986,382,515,1656
TEm7wqVMrfo,1020,1,0.000980,677,662,1656
RBaM3O9U4_8,1036,1,0.000965,670,653,1656
LPIV7QtBTHE,2077,2,0.000963,372,498,1656
xh6QXe8vQCQ,3129,3,0.000959,263,466,1656
QCAqiTH6B4U,2087,2,0.000958,371,507,1656
oAP7e36bmZI,5322,5,0.000939,153,397,1656
ZUmr3Goh8FI,1085,1,0.000922,648,691,1656
SlfQQOrXKq0,1089,1,0.000918,645,661,1656
PHuv2KpHwjA,2191,2,0.000913,362,504,1656
A3T4SYm37GI,1099,1,0.000910,639,594,1656
g5ngYFVL9AA,1103,1,0.000907,638,723,1656
Htv3-nfz78U,1112,1,0.000899,634,621,1656
22tm2y1FoEw,1125,1,0.000889,623,561,1656
FTvPxO1Hfuo,1131,1,0.000884,621,614,1656
Nd7nRljkC-U,2265,2,0.000883,351,502,1656
INnwBYIfODE,1160,1,0.000862,608,622,1656
7DBxBf1JZkM,1175,1,0.000851,604,582,1656
9QAI2YHWSZ4,1188,1,0.000842,601,591,1656
tm5SJ5Q13Ug,1198,1,0.000835,597,762,1656
quFGreXfKKg,1210,1,0.000826,592,752,1656
h7KzphrghJo,1216,1,0.000822,590,727,1656
bywe70uLvDs,2436,2,0.000821,332,524,1656
Qb8PsrzH6ZE,1220,1,0.000820,588,651,1656
gcO6GiC4nzQ,1223,1,0.000818,587,725,1656
p46XUK0Pljc,1247,1,0.000802,582,749,1656
R_M8qbZOtfY,1248,1,0.000801,580,656,1656
N9s-skojKqw,1265,1,0.000791,576,638,1656
xGxYFHyOesQ,1269,1,0.000788,575,773,1656
2Adt6nK3-6w,1282,1,0.000780,569,563,1656
-1rq4OYXEv4,1297,1,0.000771,564,551,1656
2CXk5TnGZnw,1302,1,0.000768,562,564,1656
nftFq9WFyZY,3982,3,0.000753,216,454,1656
KvJ6FVr7E7s,1356,1,0.000737,545,631,1656
nO93dOI2QtA,2721,2,0.000735,298,537,1656
1AwrtwRxvlw,1363,1,0.000734,538,557,1656
NGTtl3jyx34,1368,1,0.000731,537,640,1656
ocghG57Z5e0,1372,1,0.000729,534,747,1656
nuZ25Tppz8A,1375,1,0.000727,533,743,1656
hdYERMUMlaw,1395,1,0.000717,526,729,1656
ug6_8Qeb9aw,1418,1,0.000705,518,765,1656
vzTFeRTM3js,9995,7,0.000700,71,359,1656
AEfFh0SVxiI,1471,1,0.000680,505,595,1656
iUi3pE1FElk,1504,1,0.000665,498,734,1656
yw4E0_Wydkk,1514,1,0.000661,495,777,1656
wXZAYekSNIU,4736,3,0.000633,170,465,1656
WtbfFFmpSnc,1616,1,0.000619,476,680,1656
KC9TmTus1Cc,1629,1,0.000614,472,628,1656
NAo5COYVFig,1630,1,0.000613,471,639,1656
8XXk11QIsVo,3265,2,0.000613,258,476,1656
ESvTX489JuY,1640,1,0.000610,468,610,1656
Oo72JacVFbE,1645,1,0.000608,466,644,1656
AtKdV0LoHr8,3359,2,0.000595,254,479,1656
xOArhnjwICw,1728,1,0.000579,444,774,1656
UFHB5LQrtBQ,1739,1,0.000575,441,667,1656
IgZQKPyfADk,3514,2,0.000569,247,489,1656
UaG723EA8m4,1800,1,0.000556,428,669,1656
rPbhp5AKzSc,3647,2,0.000548,232,542,1656
6p2OcdkjX7o,1824,1,0.000548,425,579,1656
Z6i2A1fBOqs,1862,1,0.000537,416,688,1656
1oNKV-63y6A,1940,1,0.000515,404,559,1656
i5nF4ukLmuM,4062,2,0.000492,211,530,1656
hbmsXKuHnCk,8235,4,0.000486,84,416,1656
qAnvmCWTBAo,6208,3,0.000483,119,459,1656
9UO7xeWUOCA,4276,2,0.000468,200,477,1656
-M8zj0HpWqo,4410,2,0.000454,191,468,1656
jz6aRglzyZo,2227,1,0.000449,357,738,1656
AXA8jTk1tFc,15614,7,0.000448,35,348,1656
t2zClnV0Qlg,2232,1,0.000448,355,760,1656
2u9r_YSqbOM,2316,1,0.000432,347,567,1656
w6uvYEoC-LU,6987,3,0.000429,102,464,1656
k5RSY3aG9ew,2341,1,0.000427,343,739,1656
wphh9U97TQc,2364,1,0.000423,338,771,1656
8ICBuCtcOqo,2462,1,0.000406,330,586,1656
W3Xw-wDVj5E,15198,6,0.000395,37,376,1656
z8acUAG_IoY,5209,2,0.000384,157,550,1656
u2I--Zlo5UA,7955,3,0.000377,86,463,1656
LY0Ll7LRYDI,5337,2,0.000375,152,499,1656
LeKOb1_-13I,2683,1,0.000373,304,634,1656
zYXyqxIw3Xg,2693,1,0.000371,303,778,1656
GkB3IxcZFKA,2705,1,0.000370,299,617,1656
5rLuJftmhro,2879,1,0.000347,281,576,1656
QQw_eox2sDE,2915,1,0.000343,278,649,1656
DAMAuOvWsyo,2951,1,0.000339,274,605,1656
AGnWzUU_FRU,5926,2,0.000337,129,478,1656
2SznaLQzXC4,3003,1,0.000333,268,565,1656
2gsx_ZpsfdA,9077,3,0.000331,78,428,1656
F-sXsYNQYbs,6061,2,0.000330,124,484,1656
9CLWYPd1aA0,9272,3,0.000324,76,431,1656
F1gGsoSj5sI,6321,2,0.000316,117,485,1656
1pmwjJ1h02Q,3167,1,0.000316,262,560,1656
Nx-suJ5LfDA,3474,1,0.000288,250,642,1656
YS0DGi1qZXw,3526,1,0.000284,246,686,1656
WejXfLIIxlM,3538,1,0.000283,242,677,1656
iRDKYYgynW4,10823,3,0.000277,63,450,1656
sHC3Rm2tg1c,3641,1,0.000275,233,757,1656
PPU_r3bz-V0,11148,3,0.000269,60,441,1656
QG1i1OoEUiA,3737,1,0.000268,225,648,1656
s3mRDRr9aRQ,3781,1,0.000264,223,756,1656
r7rfqkd4mbs,3826,1,0.000261,222,753,1656
d6T5g4BZiQA,3840,1,0.000260,220,711,1656
fOQ3rC0N7mw,3861,1,0.000259,219,719,1656
o3dknP3jclw,4005,1,0.000250,214,745,1656
ssKJYCw7Z7c,4213,1,0.000237,205,759,1656
YN4J1_mtRSk,4311,1,0.000232,199,684,1656
LIkcJGvqOKA,4322,1,0.000231,197,633,1656
iwy8c60fi4U,4531,1,0.000221,179,735,1656
f2tFSGOYISc,9274,2,0.000216,75,526,1656
Ue8aojZiYcE,4699,1,0.000213,173,670,1656
RlJanyHixGU,4768,1,0.000210,167,657,1656
XJk16VjZX0k,4988,1,0.000200,163,682,1656
CuEnWT5Dqoc,10491,2,0.000191,66,480,1656
OjZsDfIMLm4,5261,1,0.000190,155,643,1656
w7JBHSx5ScA,5390,1,0.000186,150,768,1656
B__PTWZ90wE,5691,1,0.000176,138,600,1656
5FvamZEkIRc,5724,1,0.000175,134,574,1656
Wt1Xoe3tkdw,5936,1,0.000168,128,679,1656
6c5b4DvdHus,6015,1,0.000166,126,578,1656
Klim5qgKmac,12033,2,0.000166,55,496,1656
8LrOQFE_vgo,6071,1,0.000165,122,587,1656
EXcprHxo53g,6165,1,0.000162,121,612,1656
45352pFQxmE,6184,1,0.000162,120,571,1656
JcQNKYFoYpc,6466,1,0.000155,115,626,1656
sIkIzcYpouA,13148,2,0.000152,47,544,1656
83LYnrz6_0A,6807,1,0.000147,106,585,1656
Pl7FpLlWfX4,6907,1,0.000145,103,646,1656
vcClyeTBL1c,7119,1,0.000140,100,767,1656
f4-l7r8jvvk,7858,1,0.000127,89,717,1656
ZXBu_RZB8R8,16202,2,0.000123,34,517,1656
XqZr2yFjIks,16247,2,0.000123,33,516,1656
RcIRFRP2N9U,16342,2,0.000122,32,509,1656
w3_KYOIzb_A,16981,2,0.000118,31,549,1656
AVwZsRS5KLg,9174,1,0.000109,77,596,1656
znJIT35z2T4,36875,4,0.000108,11,427,1656
5-YSDm-6MUk,29092,3,0.000103,18,429,1656
a5RAx7qNaAE,68737,7,0.000102,5,355,1656
E-NVpJTTfP8,10411,1,0.000096,67,608,1656
G48bCFHbc58,10800,1,0.000093,65,615,1656
nzBnoBajQGk,33273,3,0.000090,12,455,1656
dZv6R9sTU1c,13583,1,0.000074,45,712,1656
RZsYOEcTUt4,30896,1,0.000032,14,655,1656
X0rg7mZZtIY,264939,4,0.000015,1,413,1656
-KPvX0KbMT0,4226,0,0.000000,204,785,1656
-MqyhrKR1XU,254,0,0.000000,1329,787,1656
-OpwhtYwY4o,539,0,0.000000,974,788,1656
-TZp0xMfTww,1060,0,0.000000,660,789,1656
-ZLqv4OAgOg,205,0,0.000000,1419,792,1656
-__xXKyylrk,380,0,0.000000,1148,793,1656
-a_vVFM0Bgk,160,0,0.000000,1524,794,1656
-adUE-n_pXc,168,0,0.000000,1501,795,1656
-bHg-QdNLvE,212,0,0.000000,1404,796,1656
-e7JrBSfjYY,605,0,0.000000,915,797,1656
-gkq_srdhZA,836,0,0.000000,775,798,1656
-hOr1jufCb0,532,0,0.000000,984,800,1656
-ixTF6I8lNE,1351,0,0.000000,546,801,1656
-lHesyZaAp4,295,0,0.000000,1268,802,1656
-lk5QDhFZ0E,322,0,0.000000,1229,803,1656
-nAU3eSx_BM,4255,0,0.000000,202,804,1656
-qSguUkOjAk,948,0,0.000000,710,805,1656
-rES2ygxrvo,195,0,0.000000,1446,806,1656
-rGoz96a7WY,2549,0,0.000000,322,807,1656
-w8Y-8xzBho,1063,0,0.000000,659,808,1656
-wPsLeEqIC8,267,0,0.000000,1308,809,1656
-xlBbbqyADo,843,0,0.000000,773,810,1656
0-FOFU90AbU,178,0,0.000000,1479,813,1656
01u5BzfkUAA,155,0,0.000000,1540,815,1656
090jS4MrLRc,778,0,0.000000,808,816,1656
0B2hL87_CF8,380,0,0.000000,1149,817,1656
0GYAfMFfl6k,1027,0,0.000000,673,818,1656
0LbE_TvbZi0,237,0,0.000000,1367,819,1656
0MgqXK5RQFc,1234,0,0.000000,585,820,1656
0TP7D114OVI,197,0,0.000000,1441,822,1656
0YpQpVrq49A,157,0,0.000000,1532,823,1656
0kT5UhQkB_w,494,0,0.000000,1024,824,1656
0nnbAo0ggmQ,931,0,0.000000,722,825,1656
17ARxH3uZgY,3955,0,0.000000,217,830,1656
1DDLzJxodag,175,0,0.000000,1485,831,1656
1Fl-kO2PzRY,245,0,0.000000,1353,833,1656
1ODaSCWYxh8,1053,0,0.000000,663,835,1656
1UsamU3KVaI,771,0,0.000000,814,837,1656
1V98YBHCTRU,2058,0,0.000000,376,838,1656
1WRDt-oLo2k,172,0,0.000000,1495,839,1656
1XPicMX6s5k,1762,0,0.000000,435,840,1656
1Y4qpHI3l3U,459,0,0.000000,1053,841,1656
1hCZ4r0Acjo,624,0,0.000000,901,845,1656
1kCxrJWcvcc,673,0,0.000000,868,846,1656
1vIP_Kao-fo,429,0,0.000000,1097,847,1656
26jIxTEsYjQ,475,0,0.000000,1039,848,1656
27LkhaZ0otw,1704,0,0.000000,449,849,1656
27QdtQuVp7Y,481,0,0.000000,1035,850,1656
29Wz7SpVHl0,3418,0,0.000000,252,851,1656
29l4rx7mUks,691,0,0.000000,860,852,1656
29oNb_Dh3is,369,0,0.000000,1165,853,1656
2DghsdI0lwM,130,0,0.000000,1602,854,1656
2K1agz2C_9o,139,0,0.000000,1579,855,1656
2MAEMwqVYh8,319,0,0.000000,1233,857,1656
2MatUGntHSE,413,0,0.000000,1111,858,1656
2aG1hroDx-k,261,0,0.000000,1319,860,1656
2byAsju7UD0,1402,0,0.000000,524,861,1656
2mV72J4BbV8,390,0,0.000000,1133,862,1656
2nfSk_gGpgI,3559,0,0.000000,239,863,1656
2odR6lTfVzc,182,0,0.000000,1473,864,1656
2qdCIJG8cYk,165,0,0.000000,1511,865,1656
2zXD9tz_uRY,463,0,0.000000,1051,867,1656
32Xc2WmMqP0,158,0,0.000000,1527,868,1656
34uBOF2yclU,141,0,0.000000,1573,869,1656
3Dy_P9OvwCs,125,0,0.000000,1616,871,1656
3HOFVU792mc,489,0,0.000000,1029,872,1656
3KgLqlrYjxw,1383,0,0.000000,528,873,1656
3Lwbw6LSyqM,438,0,0.000000,1082,875,1656
3SHDylN1X8c,428,0,0.000000,1099,876,1656
3XBUDlUiVts,282,0,0.000000,1287,878,1656
3XtNjthpkZs,1771,0,0.000000,434,879,1656
3ZAl_DBajqQ,123,0,0.000000,1622,880,1656
3Zr0ZHTCnP0,152,0,0.000000,1546,881,1656
3bmxhr0R-wI,221,0,0.000000,1392,882,1656
3gRKBu6xIIA,131,0,0.000000,1598,883,1656
3i6o2PoPNZ0,2062,0,0.000000,374,884,1656
3kVcX1-3z2Y,270,0,0.000000,1304,885,1656
3llOu4uz9zw,489,0,0.000000,1030,886,1656
3qC_SoqXScc,634,0,0.000000,894,888,1656
3vzMCVdv1IY,3548,0,0.000000,240,891,1656
3wBU1qRhoWs,866,0,0.000000,756,892,1656
3x_51DAdzlk,824,0,0.000000,780,893,1656
3zcor0QcHRQ,542,0,0.000000,969,894,1656
41EUilrmsk4,501,0,0.000000,1019,895,1656
42n3NHU-qZk,1073,0,0.000000,656,896,1656
4CXB2xpV9HM,9345,0,0.000000,73,899,1656
4EEedk1SkDw,1971,0,0.000000,396,900,1656
4Itcn_CJjMo,328,0,0.000000,1221,901,1656
4Pc1Rrnhces,247,0,0.000000,1345,904,1656
4Qxy3AejpII,286,0,0.000000,1278,905,1656
4T2cCd0mA-0,412,0,0.000000,1112,906,1656
4WWXV3En5qs,433,0,0.000000,1092,907,1656
4YOYpJj8Eb4,470,0,0.000000,1045,908,1656
4Zr8Ijlvf3U,198,0,0.000000,1437,909,1656
4cLRvWsPjP8,2214,0,0.000000,358,910,1656
4g14tYPwkfM,2350,0,0.000000,341,911,1656
4lKT_dAv_MU,1057,0,0.000000,662,912,1656
4t6_U3bg618,385,0,0.000000,1142,914,1656
4u36EVMTtiI,1344,0,0.000000,550,915,1656
4xoN7JcIggE,431,0,0.000000,1095,916,1656
59EbnjrTRGU,164,0,0.000000,1513,917,1656
5Dss_CddGLY,353,0,0.000000,1184,918,1656
5ElF1nqHuZ0,5664,0,0.000000,139,919,1656
5LXhsPX9_io,641,0,0.000000,891,921,1656
5Rq-Os8CkUY,545,0,0.000000,967,922,1656
5SgNQzhLMyE,501,0,0.000000,1020,923,1656
5UkaMKGDwwk,2094,0,0.000000,369,924,1656
5XGwsCz62pc,123,0,0.000000,1623,925,1656
5_8RCLkipbk,551,0,0.000000,965,926,1656
5f8ZYtaBRx0,450,0,0.000000,1064,927,1656
62iT888LUQk,402,0,0.000000,1121,931,1656
67i6UhQ_jJI,1967,0,0.000000,397,932,1656
68-1VrRM4p8,2755,0,0.000000,296,933,1656
695ZYe00UFg,224,0,0.000000,1387,934,1656
6AsCaSc27-Y,209,0,0.000000,1414,935,1656
6CvrWCeWUXk,137,0,0.000000,1586,936,1656
6GcHuH6TXmc,771,0,0.000000,815,937,1656
6H2Ri4vJZNE,495,0,0.000000,1023,938,1656
6I5Xg7gz2CM,1440,0,0.000000,514,939,1656
6PcFXzuCMy4,1966,0,0.000000,398,941,1656
6UxJmNfffHs,14926,0,0.000000,41,942,1656
6XQDNsIWE1U,448,0,0.000000,1067,944,1656
6XsjZiFthTM,121,0,0.000000,1628,945,1656
6e_YrExMSgw,802,0,0.000000,788,946,1656
6gGGkzgeLdA,1147,0,0.000000,614,947,1656
6hKvuxBAucg,753,0,0.000000,821,948,1656
6p_acerDKKI,337,0,0.000000,1209,949,1656
6vEHupXVHRA,989,0,0.000000,689,950,1656
6y7gQM4c4aE,367,0,0.000000,1168,951,1656
6zRbD_vJpug,187,0,0.000000,1458,952,1656
7-b6KrRhm40,196,0,0.000000,1443,953,1656
74GsYZV8IR8,162,0,0.000000,1519,954,1656
7EduOiG7iII,199,0,0.000000,1434,955,1656
7GzbvK3vNUE,1116,0,0.000000,631,956,1656
7IGQILU__4g,185,0,0.000000,1464,957,1656
7NAa1EDoqHU,175,0,0.000000,1486,958,1656
7RNH4tJjmSQ,201,0,0.000000,1426,960,1656
7RpoWDeEX8U,508,0,0.000000,1007,961,1656
7XYWoq40fLE,2194,0,0.000000,361,963,1656
7Xb3mxXhzLA,347,0,0.000000,1190,964,1656
7Z4FqfnPhTI,852,0,0.000000,764,965,1656
7_HLva4_CoE,200,0,0.000000,1429,966,1656
7blMLmjNBak,250,0,0.000000,1342,967,1656
7ft3RIaAh3c,1414,0,0.000000,520,968,1656
7jLXhA7wQv8,255,0,0.000000,1327,969,1656
7rbkHEO9JW8,202,0,0.000000,1423,970,1656
7yBsu2uiuu4,215,0,0.000000,1399,972,1656
83Rjg2hMVLE,177,0,0.000000,1481,973,1656
84HfQVPSaYo,642,0,0.000000,890,974,1656
86JxfmQryZQ,1951,0,0.000000,401,976,1656
88Ryy76kmxk,362,0,0.000000,1174,977,1656
89q--U0RfAE,559,0,0.000000,959,978,1656
8DbSuYdwaaY,179,0,0.000000,1476,979,1656
8S4X83fGd4I,264,0,0.000000,1316,984,1656
8Sw27lU3fA4,143,0,0.000000,1568,985,1656
8XAeLiSARNU,179,0,0.000000,1477,986,1656
8Y72tVwihh8,200,0,0.000000,1430,988,1656
8aR2Ct-0y8M,123,0,0.000000,1624,989,1656
8bnIWIHlOmQ,185,0,0.000000,1465,990,1656
8itdlN1g3NQ,421,0,0.000000,1105,991,1656
8mM46SdeyD0,780,0,0.000000,806,992,1656
8pq0U380KuY,240,0,0.000000,1360,993,1656
8ttAmz0iBWk,468,0,0.000000,1048,994,1656
90jiws2YFrM,2530,0,0.000000,324,995,1656
94wAnJdRxdw,210,0,0.000000,1413,996,1656
9A0uB4xui6g,287,0,0.000000,1276,999,1656
9E9o2ceDeWw,6209,0,0.000000,118,1000,1656
9EjlT16bX2A,520,0,0.000000,995,1001,1656
9Icp0XCzi0Y,1004,0,0.000000,682,1003,1656
9JVh2ZCsPNA,10291,0,0.000000,69,1004,1656
9MD6-ReS_VU,198,0,0.000000,1438,1005,1656
9Q6cXyjemqA,5562,0,0.000000,143,1007,1656
9QmHur07r30,158,0,0.000000,1528,1008,1656
9VnufzO0IZc,314,0,0.000000,1247,1009,1656
9ZieX7ROT7E,476,0,0.000000,1038,1010,1656
9fAZfGLGR60,542,0,0.000000,970,1011,1656
9gt-EyGyamc,138,0,0.000000,1581,1012,1656
9nkAI_fd-us,362,0,0.000000,1175,1013,1656
9o1ea3O_GTs,2181,0,0.000000,363,1014,1656
9snyknwSrJM,229,0,0.000000,1377,1016,1656
9tP5WUiJJAA,253,0,0.000000,1333,1017,1656
9vmyasmeXgQ,193,0,0.000000,1449,1018,1656
9ynWB2NzFv0,152,0,0.000000,1547,1020,1656
9zKZDDzuDQE,648,0,0.000000,882,1022,1656
A6phHe1uTJ4,595,0,0.000000,921,1024,1656
AFH-aqKptSU,2274,0,0.000000,350,1025,1656
AFOFe_QJ4IA,214,0,0.000000,1401,1026,1656
AG-Ozz0pqq0,448,0,0.000000,1068,1027,1656
AHu2nBZEUPQ,2829,0,0.000000,284,1028,1656
AIznSWFO1og,901,0,0.000000,740,1029,1656
AP6y_K_Q55I,861,0,0.000000,760,1031,1656
APnLyrN6_Zk,845,0,0.000000,769,1032,1656
AQ0qN5mI60E,312,0,0.000000,1252,1033,1656
AYR_xAVtWiw,770,0,0.000000,817,1034,1656
A_XbLcuCJ0Q,507,0,0.000000,1009,1035,1656
AbC8_0FSEC4,423,0,0.000000,1104,1037,1656
AcvZjCQDUMo,1320,0,0.000000,558,1038,1656
Ahs_5-cFVOM,624,0,0.000000,902,1040,1656
AknzHoPD1Fc,200,0,0.000000,1431,1041,1656
AmWQhTHQh_Q,926,0,0.000000,725,1042,1656
AobVGMqDOvY,890,0,0.000000,746,1043,1656
ArSgGY8yauo,541,0,0.000000,971,1044,1656
At_tVGKRH6g,862,0,0.000000,759,1045,1656
AuLFrFuNGNc,2540,0,0.000000,323,1046,1656
AzJ4BgxYekM,346,0,0.000000,1194,1049,1656
BC77H9jZZiw,797,0,0.000000,794,1050,1656
BC77WPhljb4,223,0,0.000000,1391,1051,1656
BF9eDj0FlLU,119,0,0.000000,1638,1052,1656
BIIRgvpZb8s,2580,0,0.000000,318,1054,1656
BJAAGFj7kFg,148,0,0.000000,1553,1055,1656
BV8CQmjr-ag,751,0,0.000000,823,1057,1656
BWoL3CHz-Hs,961,0,0.000000,702,1058,1656
B_tba0AV6pk,4179,0,0.000000,206,1059,1656
BbNbyLK6Gsc,5541,0,0.000000,144,1060,1656
BdpP9WJkv1I,2550,0,0.000000,321,1061,1656
Bh74hBCG98o,377,0,0.000000,1153,1063,1656
BhJ9UDxI6kI,1384,0,0.000000,527,1064,1656
BkdG0UGaI78,150,0,0.000000,1549,1065,1656
BkeHIe2kSyY,794,0,0.000000,799,1066,1656
Btx-yPPbB4Q,267,0,0.000000,1309,1068,1656
C6TCjmBMIz0,751,0,0.000000,824,1071,1656
C6kAyG2w3X0,140,0,0.000000,1576,1072,1656
CELK86ILNaU,4612,0,0.000000,177,1073,1656
CIuGBF6fKwI,167,0,0.000000,1505,1074,1656
CWy5zysV__c,876,0,0.000000,752,1076,1656
CX5IAlu8DnI,346,0,0.000000,1195,1077,1656
C_VlPQtKAuI,638,0,0.000000,892,1079,1656
CkLy6Gkzhvw,388,0,0.000000,1136,1081,1656
CncwRAZvc-M,588,0,0.000000,927,1083,1656
DChrGZaD_3Y,271,0,0.000000,1301,1088,1656
DDXwc0XIhoE,532,0,0.000000,985,1090,1656
DGZGanNZyyY,128,0,0.000000,1607,1091,1656
DNOxbhzGSjE,1157,0,0.000000,610,1092,1656
DT5Qm4sMPb8,1208,0,0.000000,593,1094,1656
DU_p_o0V_R0,174,0,0.000000,1489,1095,1656
DXavObYFDsU,384,0,0.000000,1143,1096,1656
DZ4kLiOpF-U,711,0,0.000000,846,1097,1656
DZVKWN2IaP0,122,0,0.000000,1627,1098,1656
DaYyn14MNJ0,474,0,0.000000,1040,1099,1656
DeTTb0JuVxg,1118,0,0.000000,630,1102,1656
DrEsdlfi0mw,617,0,0.000000,905,1104,1656
DtGnZyekixQ,735,0,0.000000,829,1105,1656
DvqFdZSDsiA,1974,0,0.000000,395,1106,1656
DxnRvrvSsHI,900,0,0.000000,742,1107,1656
DyrKEdOT8Sk,2227,0,0.000000,356,1108,1656
E342vubUs5g,294,0,0.000000,1270,1109,1656
E5dfjAlxaxY,605,0,0.000000,916,1111,1656
E6WDlZV7vFA,1753,0,0.000000,439,1112,1656
E7FpYuKjYIQ,142,0,0.000000,1570,1113,1656
EA_rUK7utAc,8484,0,0.000000,81,1114,1656
EBtjotQbwjg,469,0,0.000000,1046,1115,1656
EG4xBFsoiMY,148,0,0.000000,1554,1116,1656
EGOtvKoqG4I,450,0,0.000000,1065,1117,1656
EKOHq_nTcLE,436,0,0.000000,1086,1118,1656
EPpQtg9kyHc,724,0,0.000000,839,1120,1656
ERk0dnWxB14,118,0,0.000000,1644,1121,1656
EWm5EocPReM,569,0,0.000000,950,1122,1656
EXOCgSJYyyQ,131,0,0.000000,1599,1123,1656
Eb692wwOhI4,698,0,0.000000,857,1124,1656
EsuN33cmDjg,533,0,0.000000,982,1127,1656
Ezzfc83C6YE,865,0,0.000000,758,1129,1656
F0ElmqLrePM,2596,0,0.000000,316,1130,1656
F2JDglXgtK8,1206,0,0.000000,595,1131,1656
F5HhTD3b46A,2485,0,0.000000,327,1132,1656
F7N5nzowhGU,6429,0,0.000000,116,1133,1656
FA12a4UKbx4,515,0,0.000000,1000,1134,1656
FCx4RQ1gthY,167,0,0.000000,1506,1135,1656
FIXQiHtDfGg,161,0,0.000000,1521,1137,1656
FO1nyGz4r_4,305,0,0.000000,1257,1139,1656
F_31H_o8nss,491,0,0.000000,1027,1141,1656
F_La9J5Lv2U,2355,0,0.000000,340,1142,1656
FbRRdCU-Lw4,405,0,0.000000,1118,1143,1656
FbqMH05ZiRM,317,0,0.000000,1241,1144,1656
FiDU3CUyqT4,2022,0,0.000000,383,1146,1656
Fld_whm4TZs,5760,0,0.000000,131,1148,1656
FoIlgpP0sSE,612,0,0.000000,909,1149,1656
FoVud3zWeDk,616,0,0.000000,906,1150,1656
FpYPmkfynIo,1028,0,0.000000,672,1151,1656
G01D3sv8qXU,997,0,0.000000,684,1155,1656
G4mwgg3veu8,1645,0,0.000000,465,1156,1656
G9l5AO1D4To,12899,0,0.000000,49,1158,1656
GL5XWUpYnEs,123,0,0.000000,1625,1161,1656
GPSvy64fdzU,458,0,0.000000,1055,1162,1656
GSjxR-PP594,237,0,0.000000,1368,1163,1656
GTxkmTipXLc,117,0,0.000000,1646,1164,1656
GZaaUiqSkwI,2065,0,0.000000,373,1165,1656
GfmrRqkLvEA,396,0,0.000000,1128,1167,1656
GhPpVxfh65o,1479,0,0.000000,502,1168,1656
Ghq2m-C_bqM,145,0,0.000000,1563,1170,1656
GqmQ7_ynreI,229,0,0.000000,1378,1172,1656
GvfuQdlEDHs,251,0,0.000000,1339,1174,1656
HASdrvZYSwI,606,0,0.000000,913,1176,1656
HD8OJ_uUPrA,513,0,0.000000,1005,1177,1656
HGghB1kvRUk,1683,0,0.000000,455,1179,1656
HHAFZH7Bn-U,120,0,0.000000,1632,1180,1656
HThlG14AKns,492,0,0.000000,1025,1182,1656
HU-IFmXqoUo,1240,0,0.000000,583,1183,1656
HVjt-L0CbOU,208,0,0.000000,1416,1184,1656
HarTn81wQNg,435,0,0.000000,1088,1185,1656
HjjN6_ZEm6I,657,0,0.000000,875,1187,1656
HrBxgqNfxnI,2416,0,0.000000,335,1189,1656
HsIqUcZkc4k,931,0,0.000000,723,1190,1656
Ht9yXuDvA1M,474,0,0.000000,1041,1191,1656
Hxvn7HmUJm0,173,0,0.000000,1493,1192,1656
HyQni0QOISM,124,0,0.000000,1618,1194,1656
I1QgOOM_vs0,2331,0,0.000000,345,1195,1656
I5OiZDMQpDg,540,0,0.000000,972,1196,1656
I6mcMPoOvo8,560,0,0.000000,957,1198,1656
I9GJve3M164,3026,0,0.000000,266,1199,1656
ILguTznukyE,847,0,0.000000,767,1201,1656
IO5VdhlNfrI,653,0,0.000000,879,1202,1656
ISvn0UD987M,1121,0,0.000000,628,1203,1656
IVHJxNAPc3Y,2116,0,0.000000,368,1204,1656
I_GZQtVwR1A,343,0,0.000000,1199,1206,1656
IqgGNvstkEo,1079,0,0.000000,654,1211,1656
IzoegpP0PSw,1046,0,0.000000,665,1212,1656
J5Efezauri4,329,0,0.000000,1220,1216,1656
J7baXzIVmyc,318,0,0.000000,1236,1218,1656
J7j2e3syH8k,528,0,0.000000,989,1219,1656
J7xvMuW1Yuw,589,0,0.000000,926,1220,1656
J98fNAePpvk,227,0,0.000000,1382,1221,1656
JC3I_tyMLf8,126,0,0.000000,1612,1222,1656
JHPA3MVxABQ,643,0,0.000000,889,1225,1656
JUFWMlX92uc,809,0,0.000000,783,1228,1656
JUO0WbUuXHY,198,0,0.000000,1439,1229,1656
JaLIbBtkjJE,1873,0,0.000000,415,1232,1656
JbBVkU5wuGU,938,0,0.000000,717,1233,1656
JbePIzLoilo,1850,0,0.000000,417,1234,1656
JeAqM1ymJTk,121,0,0.000000,1629,1235,1656
Jrd_XlvLBgg,171,0,0.000000,1496,1238,1656
JxmjZ-BgGWg,4354,0,0.000000,194,1239,1656
JzeMCJ2bCO4,935,0,0.000000,719,1240,1656
KGE_hSZTm6k,549,0,0.000000,966,1243,1656
KI35yj2nErY,1042,0,0.000000,668,1244,1656
KK9aHCQXSXg,571,0,0.000000,947,1247,1656
KO7gPHuXjsk,852,0,0.000000,765,1250,1656
KPQkb2AuXSw,20223,0,0.000000,25,1251,1656
KYBPVgADsSM,997,0,0.000000,685,1253,1656
KglwdFJ-PiA,535,0,0.000000,980,1255,1656
Kh7FfWTUmP0,305,0,0.000000,1258,1256,1656
KhixJPwjoHM,182,0,0.000000,1474,1257,1656
Kmlq6tco974,1416,0,0.000000,519,1258,1656
KqqnqqtSHyU,524,0,0.000000,992,1259,1656
L-d1taEcDYc,187,0,0.000000,1459,1260,1656
L46ezMsD3dk,193,0,0.000000,1450,1261,1656
L4s5-pXI6D4,374,0,0.000000,1157,1262,1656
LJ1RLRArX_g,634,0,0.000000,895,1265,1656
LLcalJBY6PE,578,0,0.000000,939,1266,1656
LW7Br5RC9Cw,215,0,0.000000,1400,1269,1656
LX4UWfxD9cA,353,0,0.000000,1185,1270,1656
Lf2HxzeZAbs,332,0,0.000000,1217,1272,1656
LmC5qGs-mSc,326,0,0.000000,1224,1274,1656
Lo0rzLFuUbw,294,0,0.000000,1271,1277,1656
Lp640JUPC4A,1380,0,0.000000,531,1278,1656
Ls0_b1iSLWo,1287,0,0.000000,567,1279,1656
LwhXGQqgE1s,1628,0,0.000000,473,1280,1656
Lyn10sq6PIQ,245,0,0.000000,1354,1281,1656
M-s_b9VjyWg,826,0,0.000000,779,1283,1656
M81Y2WZ7Eks,119,0,0.000000,1639,1284,1656
M8f_bODYpWM,1369,0,0.000000,536,1286,1656
MBT6hPXmJTw,2199,0,0.000000,360,1288,1656
MJOAuxQfbLo,586,0,0.000000,929,1289,1656
MJVK5uwNKjg,200,0,0.000000,1432,1290,1656
MPmYt3p6VcI,2625,0,0.000000,313,1291,1656
MRdjrTuVkaI,143,0,0.000000,1569,1292,1656
MUYOcTZI2LI,335,0,0.000000,1211,1293,1656
MWAbLRgDrcc,953,0,0.000000,706,1294,1656
MXOIwaz8tO0,2658,0,0.000000,307,1295,1656
Mrju-UXhNZ8,689,0,0.000000,862,1298,1656
N7T6sTZTVNQ,218,0,0.000000,1398,1300,1656
N7bZnK5mAFw,126,0,0.000000,1613,1301,1656
N8cSsKNZKzg,533,0,0.000000,983,1302,1656
N8velTiWszQ,227,0,0.000000,1383,1303,1656
NACSooVvSbo,803,0,0.000000,787,1304,1656
NFcFN3M6PyE,282,0,0.000000,1288,1306,1656
NKc9sIIKdyY,203,0,0.000000,1421,1307,1656
NPb55ZQquUc,511,0,0.000000,1006,1308,1656
NZ2NMWURxfw,235,0,0.000000,1371,1309,1656
NaGBylWzC-0,844,0,0.000000,771,1310,1656
NbsfS253LCc,1383,0,0.000000,529,1311,1656
Nln3rfHjvSY,314,0,0.000000,1248,1312,1656
NqQ_z5Os3sU,1083,0,0.000000,650,1314,1656
Ny9knUMdznk,560,0,0.000000,958,1315,1656
O4jdx0CzVZg,632,0,0.000000,896,1317,1656
O6J53DIXjIQ,196,0,0.000000,1444,1318,1656
ODk2oXxvfnI,248,0,0.000000,1343,1321,1656
OHcVG8RrIM8,2671,0,0.000000,306,1322,1656
OHmtS0CErV0,231,0,0.000000,1375,1323,1656
OQpYuewP_B0,484,0,0.000000,1033,1325,1656
OYKDQS91iJc,401,0,0.000000,1124,1328,1656
OZlaaNrFW6Q,115,0,0.000000,1650,1329,1656
OeaDxPqaKnQ,2803,0,0.000000,291,1331,1656
OkW4hkyDd1A,1408,0,0.000000,522,1332,1656
OrjxKOilrAM,339,0,0.000000,1203,1333,1656
OrlNEKHo2gY,516,0,0.000000,999,1334,1656
OsEZAK0OQVE,514,0,0.000000,1002,1335,1656
OtgZ79U3tx4,224,0,0.000000,1389,1336,1656
Ow42x0Zr6kM,7707,0,0.000000,93,1338,1656
OyLWTQRaWpY,380,0,0.000000,1150,1340,1656
OzDQHTIEqFw,8397,0,0.000000,82,1341,1656
P0WnGTZl9J4,454,0,0.000000,1059,1343,1656
P6ONMS24-aQ,573,0,0.000000,944,1344,1656
P7rCuFx5XF0,1660,0,0.000000,461,1346,1656
PAOlUe0Z7bg,3714,0,0.000000,228,1347,1656
PIBWtRvZY2k,377,0,0.000000,1154,1350,1656
PJ7NwVvsZvo,593,0,0.000000,924,1351,1656
PNa9we5QKAw,469,0,0.000000,1047,1353,1656
PQ0sfqww3z8,185,0,0.000000,1466,1354,1656
PWqdqmSrONM,309,0,0.000000,1255,1355,1656
PdFsqPaHuHs,212,0,0.000000,1405,1358,1656
PeHvGzdNb9E,120,0,0.000000,1634,1359,1656
Po8-0DishiM,146,0,0.000000,1560,1360,1656
PpKzgZdd7co,2153,0,0.000000,366,1361,1656
PuBbco_SOKQ,1344,0,0.000000,552,1363,1656
Q-X-dS_tfyA,5255,0,0.000000,156,1364,1656
Q2CVFDMAo1k,145,0,0.000000,1564,1365,1656
Q7Ov245rw6w,315,0,0.000000,1244,1366,1656
QJphVD6YSKs,296,0,0.000000,1266,1368,1656
QQrCTSqj1hU,709,0,0.000000,850,1370,1656
QaX3HhztI20,136,0,0.000000,1590,1373,1656
Qf8ntUiqI_c,1599,0,0.000000,478,1375,1656
QhngKLkzSZY,164,0,0.000000,1514,1377,1656
QkXGlhbgOOI,140,0,0.000000,1577,1378,1656
QlYrbEg3dys,181,0,0.000000,1475,1379,1656
QtwwiGfDCpA,164,0,0.000000,1515,1380,1656
QuVLldD4JHw,115,0,0.000000,1651,1381,1656
QwCwBJCysD4,791,0,0.000000,802,1382,1656
QzMeLM3CYD8,1125,0,0.000000,624,1383,1656
R1g1ia3MP8k,1720,0,0.000000,447,1385,1656
RBHEbYc-DNU,1348,0,0.000000,549,1386,1656
RBwzPzJNmUo,4734,0,0.000000,171,1387,1656
RCf0b8ar2AM,1690,0,0.000000,453,1388,1656
RE0t0F9vsfM,281,0,0.000000,1289,1389,1656
R_L24LH31So,327,0,0.000000,1222,1390,1656
RbsXn0_Rbz8,401,0,0.000000,1125,1391,1656
Rg0vdau4unM,797,0,0.000000,795,1392,1656
Ru9YbDGan1Q,128,0,0.000000,1608,1394,1656
Rvv8gG0LfbA,656,0,0.000000,876,1396,1656
RwM_CQ-76m8,2929,0,0.000000,276,1397,1656
S1aFzm-Ivqc,197,0,0.000000,1442,1398,1656
S3xsAgntv_o,443,0,0.000000,1077,1399,1656
S9QmUlosYyQ,130,0,0.000000,1603,1400,1656
SA7qI2uf1g4,508,0,0.000000,1008,1401,1656
SBkOvpwMpTw,286,0,0.000000,1279,1402,1656
SH_8SrN3yXg,246,0,0.000000,1349,1403,1656
SHx3ySVO-2I,3576,0,0.000000,237,1404,1656
SS48SMoosnI,158,0,0.000000,1529,1405,1656
SXNTdJaEW3Y,149,0,0.000000,1552,1408,1656
Sb2_zbDa4fY,138,0,0.000000,1583,1409,1656
ScG-H0s3ptI,7781,0,0.000000,91,1410,1656
SgY0BIN5knI,285,0,0.000000,1282,1411,1656
SorGUN4cfSE,5757,0,0.000000,132,1412,1656
SrW87pqEfok,128,0,0.000000,1609,1413,1656
SynuCVu3bbA,452,0,0.000000,1061,1415,1656
T-1HlLCVM3g,161,0,0.000000,1522,1416,1656
T5khCSD8N1E,381,0,0.000000,1147,1418,1656
TCl9gbannUA,334,0,0.000000,1214,1419,1656
TDJxuihYGVQ,126,0,0.000000,1614,1420,1656
TEOIg-eg45A,119,0,0.000000,1641,1421,1656
TKXBNZpNqaE,1375,0,0.000000,532,1423,1656
TUDuQWbBsNM,261,0,0.000000,1321,1426,1656
TUhOg-tOxlE,571,0,0.000000,949,1427,1656
TXELl_U_h5Q,968,0,0.000000,698,1429,1656
Td8cVdNlOLM,158,0,0.000000,1530,1431,1656
Tj9RbWuDic8,976,0,0.000000,697,1432,1656
TrO8mWPGijw,4312,0,0.000000,198,1434,1656
TsPXSer2GWg,212,0,0.000000,1406,1435,1656
U6Vib0I-p44,323,0,0.000000,1228,1437,1656
U6ltFDHju6I,421,0,0.000000,1106,1438,1656
UAtke6inmuM,753,0,0.000000,822,1439,1656
UCAuJUcxg6U,487,0,0.000000,1032,1440,1656
UFyMQcvX9sU,120,0,0.000000,1635,1441,1656
UN4OtAb1Gho,1084,0,0.000000,649,1444,1656
UdKqbRBEyg0,133,0,0.000000,1597,1447,1656
UfeSVc-CHV8,441,0,0.000000,1078,1448,1656
UikzQMDs8hw,271,0,0.000000,1303,1450,1656
Uk2eJJe-Jhg,139,0,0.000000,1580,1451,1656
UnQYzFJbrUM,1963,0,0.000000,399,1452,1656
UscfFS6GLmE,936,0,0.000000,718,1453,1656
Utrv_GTW9Ew,3649,0,0.000000,230,1454,1656
UwidztZ3ggw,520,0,0.000000,997,1456,1656
V26XJi4k_dA,1794,0,0.000000,430,1460,1656
VD2y6OGJ58s,274,0,0.000000,1298,1463,1656
VKQhtIUfKiA,585,0,0.000000,931,1464,1656
VOvQ2Z5w3gg,1702,0,0.000000,450,1465,1656
VbWpV38Q07w,903,0,0.000000,736,1468,1656
VcqyuP3_cvY,1581,0,0.000000,481,1469,1656
VdRkOApFkX8,297,0,0.000000,1265,1470,1656
Vm8LpvbVYEc,313,0,0.000000,1249,1471,1656
Vtv9YTiPEjE,167,0,0.000000,1507,1473,1656
VvWu3zcZwkI,138,0,0.000000,1584,1474,1656
W1Z3niPY2rA,2653,0,0.000000,309,1476,1656
W35SfL1LKs4,211,0,0.000000,1410,1477,1656
W6L_Munamyc,645,0,0.000000,886,1478,1656
W857Py_wB-o,1358,0,0.000000,543,1479,1656
W8iBYMd0iUk,248,0,0.000000,1344,1480,1656
W8udYbdYmxs,912,0,0.000000,732,1481,1656
WEFTnT74X4Y,315,0,0.000000,1245,1482,1656
WHTzQFkZy_U,227,0,0.000000,1384,1483,1656
WJH0O-BO4Mo,383,0,0.000000,1145,1484,1656
WP4G-KgTIQA,1344,0,0.000000,553,1485,1656
Wc5q-eOwgFY,121,0,0.000000,1630,1486,1656
WgFpvOHySJQ,2206,0,0.000000,359,1488,1656
WrB8xOPIiAI,514,0,0.000000,1003,1493,1656
WwwjYcJnIoA,4265,0,0.000000,201,1495,1656
X-snAjCVy9A,1400,0,0.000000,525,1496,1656
X6UXh9g02uk,2822,0,0.000000,286,1497,1656
XAaq8S0LWDs,2863,0,0.000000,282,1500,1656
XEx0emhyTS0,6768,0,0.000000,108,1501,1656
XMsNfpbvveo,925,0,0.000000,726,1504,1656
XPbsLEOS54s,3477,0,0.000000,249,1506,1656
XQhdpp0fJoo,1444,0,0.000000,513,1507,1656
XYCfgdfxGI4,795,0,0.000000,798,1508,1656
XcIXuABCss4,267,0,0.000000,1311,1510,1656
XomZJVk_S5E,280,0,0.000000,1290,1511,1656
XtEK-tWTIU4,120,0,0.000000,1636,1512,1656
Y-P6yWvKXic,157,0,0.000000,1533,1514,1656
Y0dhfX0NCHE,414,0,0.000000,1110,1515,1656
Y7CUTsFus58,797,0,0.000000,796,1519,1656
Y9_ieI5gWiY,224,0,0.000000,1390,1520,1656
YEpM6fzo74g,171,0,0.000000,1497,1521,1656
YPBuRy0w60M,654,0,0.000000,878,1523,1656
YPelNSGodek,559,0,0.000000,960,1524,1656
YQ9RiAXed8c,666,0,0.000000,871,1525,1656
YeoSatJIcnI,155,0,0.000000,1541,1526,1656
YfrDz7wzMow,386,0,0.000000,1140,1527,1656
YtiT_ehHxds,116,0,0.000000,1649,1533,1656
Z6DycgCCMnE,261,0,0.000000,1322,1535,1656
ZAH_DoUYMX0,2928,0,0.000000,277,1536,1656
ZCg_uj0Wamo,373,0,0.000000,1159,1537,1656
ZEhci72o8nQ,1349,0,0.000000,547,1538,1656
ZIBqjIGqLhI,152,0,0.000000,1548,1539,1656
ZN4JgsrqcuE,1135,0,0.000000,620,1540,1656
ZRohj14wz2k,2705,0,0.000000,300,1543,1656
ZbCSXfHlD48,1234,0,0.000000,586,1544,1656
ZgnS2EifrLI,280,0,0.000000,1291,1545,1656
ZkaiNoWhyVs,153,0,0.000000,1543,1546,1656
Zkvza2XROfQ,327,0,0.000000,1223,1547,1656
ZxiF-QYyQN4,378,0,0.000000,1152,1549,1656
ZyUuwfMjku4,4481,0,0.000000,185,1550,1656
_1Bda-NJX54,1131,0,0.000000,622,1553,1656
_1otJBqcYx4,1001,0,0.000000,683,1554,1656
_4xTQk-NS30,284,0,0.000000,1283,1555,1656
_EWYlaUOhSw,148,0,0.000000,1555,1559,1656
_GpYWnWlgkg,1533,0,0.000000,489,1560,1656
_I-8TM3WeVo,156,0,0.000000,1536,1561,1656
_JEf57t1pqk,780,0,0.000000,807,1562,1656
_LOcONd-hes,624,0,0.000000,903,1564,1656
_VE_wDDt-9I,561,0,0.000000,956,1567,1656
_b-hGsh-NEY,169,0,0.000000,1500,1569,1656
_dimLa5XpgU,247,0,0.000000,1346,1571,1656
_dudfHF25Gw,357,0,0.000000,1180,1572,1656
_jz_JdVBFVc,313,0,0.000000,1250,1573,1656
_mPYU1_iBD0,449,0,0.000000,1066,1574,1656
_mdLigb3oSI,1673,0,0.000000,457,1575,1656
_rqFS7ti4Xk,134,0,0.000000,1595,1576,1656
_xopTmhcpEU,1286,0,0.000000,568,1578,1656
a-81uRieVR8,1894,0,0.000000,410,1579,1656
a-_76XyOhf0,8100,0,0.000000,85,1580,1656
a7rBmCKWWYg,1818,0,0.000000,426,1581,1656
aC8M4FJtzv0,284,0,0.000000,1284,1582,1656
aCdu7eD3wgI,124,0,0.000000,1620,1583,1656
aRBLV6qVkQU,184,0,0.000000,1469,1585,1656
aTLqlwjXlQg,496,0,0.000000,1022,1586,1656
aTms6RKtJoA,650,0,0.000000,881,1587,1656
aeaQkZkm6vM,1021,0,0.000000,676,1588,1656
aeqKnS8wqmA,246,0,0.000000,1351,1589,1656
ahXcgIBAu58,569,0,0.000000,951,1590,1656
aiLdjEtsz6E,11592,0,0.000000,57,1591,1656
alS0hvRnQnY,190,0,0.000000,1453,1592,1656
aqrYmv24M0Y,457,0,0.000000,1057,1593,1656
auMhttucgFU,543,0,0.000000,968,1594,1656
avUEP3Pw-wE,773,0,0.000000,811,1596,1656
b2T1YXOlGz4,174,0,0.000000,1490,1597,1656
b3N12r22k5A,444,0,0.000000,1076,1598,1656
b6AIGYveegM,203,0,0.000000,1422,1599,1656
bBB53AaE1KI,609,0,0.000000,910,1600,1656
bEbaoiI3MSM,1571,0,0.000000,483,1601,1656
bGZTakKSDcc,507,0,0.000000,1011,1602,1656
bIo0jvZD6NU,146,0,0.000000,1561,1603,1656
bLh2POyGc3E,233,0,0.000000,1374,1605,1656
bMmKXPv4Uus,3011,0,0.000000,267,1606,1656
bOp_K90uAHY,737,0,0.000000,827,1607,1656
bVsRK1AbDaw,2578,0,0.000000,319,1608,1656
bXgqFGKtvX0,358,0,0.000000,1178,1609,1656
baohjx4_nxE,128,0,0.000000,1610,1610,1656
bcof8LLMMAI,318,0,0.000000,1238,1611,1656
bgq2xHDPnsg,333,0,0.000000,1216,1614,1656
bqLSg0r5JLw,1080,0,0.000000,653,1615,1656
bybxOpS4-zU,115,0,0.000000,1653,1617,1656
c2DMXIglbao,698,0,0.000000,858,1618,1656
c6GmmyuNkbg,137,0,0.000000,1588,1619,1656
c8giNEKxUDs,175,0,0.000000,1487,1620,1656
cCJcmwRx2DI,338,0,0.000000,1206,1621,1656
cG-ke7i1bzA,530,0,0.000000,986,1623,1656
cJH5ayaLBrQ,294,0,0.000000,1272,1624,1656
cK9HHnGpJhM,339,0,0.000000,1204,1625,1656
cLPyp_ReQBg,292,0,0.000000,1275,1626,1656
cN5i4qx5-ro,231,0,0.000000,1376,1627,1656
cSz-Sdu90FQ,473,0,0.000000,1042,1628,1656
cUltPugrEGw,2991,0,0.000000,269,1629,1656
cdR5zHJQQ_w,372,0,0.000000,1161,1630,1656
cdfVa2gwfG0,347,0,0.000000,1192,1631,1656
cil1yUb174c,1564,0,0.000000,484,1632,1656
csLlAe6axkw,1361,0,0.000000,540,1633,1656
ctFnQs215JA,452,0,0.000000,1062,1634,1656
cwgIyITKpNA,148,0,0.000000,1556,1635,1656
cykxC0iJ5vY,1043,0,0.000000,667,1636,1656
dEDqatLYsSE,2694,0,0.000000,302,1641,1656
dHBnM_H8-uk,334,0,0.000000,1215,1642,1656
dM03P2symGA,256,0,0.000000,1326,1644,1656
dP6ZaOhWMt8,179,0,0.000000,1478,1645,1656
dTIoPI6KOxU,1012,0,0.000000,679,1646,1656
dVoNa2x4F9E,1211,0,0.000000,591,1647,1656
dY_TgXgzflE,408,0,0.000000,1116,1648,1656
dZnL5R0pW0Y,1306,0,0.000000,561,1649,1656
dbXsmv1rqKc,5532,0,0.000000,145,1650,1656
dcCOU57UXJ4,235,0,0.000000,1372,1651,1656
ddgU6PVJfFU,1801,0,0.000000,427,1652,1656
dfvuWGnQsSM,146,0,0.000000,1562,1653,1656
dlYkzh7v5I4,200,0,0.000000,1433,1654,1656
dq_IghOzc-4,1066,0,0.000000,657,1655,1656
dsYfjywonVs,177,0,0.000000,1483,1656,1656
